{
  "project_info": {
    "project_number": "60735437736",
    "project_id": "my-application-390d1",
    "storage_bucket": "my-application-390d1.appspot.com"
  },
  "client": [
    {
      "client_info": {
        "mobilesdk_app_id": "1:60735437736:android:46cf6df8bc016469033b9d",
        "android_client_info": {
          "package_name": "com.example.myapplication"
        }
      },
      "oauth_client": [],
      "api_key": [
        {
          "current_key": "AIzaSyCwapAIUNnZdS-Gwo5eOJOczp33Rg54EbQ"
        }
      ],
      "services": {
        "appinvite_service": {
          "other_platform_oauth_client": []
        }
      }
    }
  ],
  "configuration_version": "1"
}